Kategori: Nyheter

Tid,Geo: Finland
2018-03-23T22:00:00+02:00,71
2018-03-23T22:08:00+02:00,43
2018-03-23T22:16:00+02:00,61
2018-03-23T22:24:00+02:00,54
2018-03-23T22:32:00+02:00,64
2018-03-23T22:40:00+02:00,49
2018-03-23T22:48:00+02:00,44
2018-03-23T22:56:00+02:00,31
2018-03-23T23:04:00+02:00,39
2018-03-23T23:12:00+02:00,36
2018-03-23T23:20:00+02:00,41
2018-03-23T23:28:00+02:00,41
2018-03-23T23:36:00+02:00,26
2018-03-23T23:44:00+02:00,22
2018-03-23T23:52:00+02:00,26
2018-03-24T00:00:00+02:00,19
2018-03-24T00:08:00+02:00,29
2018-03-24T00:16:00+02:00,25
2018-03-24T00:24:00+02:00,19
2018-03-24T00:32:00+02:00,13
2018-03-24T00:40:00+02:00,32
2018-03-24T00:48:00+02:00,8
2018-03-24T00:56:00+02:00,23
2018-03-24T01:04:00+02:00,16
2018-03-24T01:12:00+02:00,14
2018-03-24T01:20:00+02:00,10
2018-03-24T01:28:00+02:00,0
2018-03-24T01:36:00+02:00,20
2018-03-24T01:44:00+02:00,12
2018-03-24T01:52:00+02:00,17
2018-03-24T02:00:00+02:00,6
2018-03-24T02:08:00+02:00,12
2018-03-24T02:16:00+02:00,0
2018-03-24T02:24:00+02:00,15
2018-03-24T02:32:00+02:00,7
2018-03-24T02:40:00+02:00,14
2018-03-24T02:48:00+02:00,5
2018-03-24T02:56:00+02:00,0
2018-03-24T03:04:00+02:00,8
2018-03-24T03:12:00+02:00,6
2018-03-24T03:20:00+02:00,0
2018-03-24T03:28:00+02:00,6
2018-03-24T03:36:00+02:00,6
2018-03-24T03:44:00+02:00,0
2018-03-24T03:52:00+02:00,0
2018-03-24T04:00:00+02:00,5
2018-03-24T04:08:00+02:00,0
2018-03-24T04:16:00+02:00,0
2018-03-24T04:24:00+02:00,0
2018-03-24T04:32:00+02:00,6
2018-03-24T04:40:00+02:00,10
2018-03-24T04:48:00+02:00,18
2018-03-24T04:56:00+02:00,15
2018-03-24T05:04:00+02:00,17
2018-03-24T05:12:00+02:00,16
2018-03-24T05:20:00+02:00,0
2018-03-24T05:28:00+02:00,14
2018-03-24T05:36:00+02:00,15
2018-03-24T05:44:00+02:00,29
2018-03-24T05:52:00+02:00,33
2018-03-24T06:00:00+02:00,11
2018-03-24T06:08:00+02:00,31
2018-03-24T06:16:00+02:00,42
2018-03-24T06:24:00+02:00,41
2018-03-24T06:32:00+02:00,25
2018-03-24T06:40:00+02:00,58
2018-03-24T06:48:00+02:00,57
2018-03-24T06:56:00+02:00,40
2018-03-24T07:04:00+02:00,53
2018-03-24T07:12:00+02:00,62
2018-03-24T07:20:00+02:00,77
2018-03-24T07:28:00+02:00,68
2018-03-24T07:36:00+02:00,36
2018-03-24T07:44:00+02:00,59
2018-03-24T07:52:00+02:00,81
2018-03-24T08:00:00+02:00,68
2018-03-24T08:08:00+02:00,90
2018-03-24T08:16:00+02:00,73
2018-03-24T08:24:00+02:00,82
2018-03-24T08:32:00+02:00,100
2018-03-24T08:40:00+02:00,87
2018-03-24T08:48:00+02:00,90
2018-03-24T08:56:00+02:00,81
2018-03-24T09:04:00+02:00,74
2018-03-24T09:12:00+02:00,82
2018-03-24T09:20:00+02:00,82
2018-03-24T09:28:00+02:00,74
2018-03-24T09:36:00+02:00,77
2018-03-24T09:44:00+02:00,77
2018-03-24T09:52:00+02:00,71
2018-03-24T10:00:00+02:00,70
2018-03-24T10:08:00+02:00,76
2018-03-24T10:16:00+02:00,67
2018-03-24T10:24:00+02:00,63
2018-03-24T10:32:00+02:00,64
2018-03-24T10:40:00+02:00,74
2018-03-24T10:48:00+02:00,53
2018-03-24T10:56:00+02:00,59
2018-03-24T11:04:00+02:00,55
2018-03-24T11:12:00+02:00,59
2018-03-24T11:20:00+02:00,68
2018-03-24T11:28:00+02:00,47
2018-03-24T11:36:00+02:00,49
2018-03-24T11:44:00+02:00,70
2018-03-24T11:52:00+02:00,64
2018-03-24T12:00:00+02:00,51
2018-03-24T12:08:00+02:00,76
2018-03-24T12:16:00+02:00,65
2018-03-24T12:24:00+02:00,59
2018-03-24T12:32:00+02:00,58
2018-03-24T12:40:00+02:00,53
2018-03-24T12:48:00+02:00,55
2018-03-24T12:56:00+02:00,49
2018-03-24T13:04:00+02:00,62
2018-03-24T13:12:00+02:00,53
2018-03-24T13:20:00+02:00,57
2018-03-24T13:28:00+02:00,42
2018-03-24T13:36:00+02:00,50
2018-03-24T13:44:00+02:00,36
2018-03-24T13:52:00+02:00,47
2018-03-24T14:00:00+02:00,46
2018-03-24T14:08:00+02:00,53
2018-03-24T14:16:00+02:00,45
2018-03-24T14:24:00+02:00,50
2018-03-24T14:32:00+02:00,43
2018-03-24T14:40:00+02:00,39
2018-03-24T14:48:00+02:00,56
2018-03-24T14:56:00+02:00,61
2018-03-24T15:04:00+02:00,53
2018-03-24T15:12:00+02:00,43
2018-03-24T15:20:00+02:00,40
2018-03-24T15:28:00+02:00,44
2018-03-24T15:36:00+02:00,56
2018-03-24T15:44:00+02:00,48
2018-03-24T15:52:00+02:00,34
2018-03-24T16:00:00+02:00,42
2018-03-24T16:08:00+02:00,39
2018-03-24T16:16:00+02:00,51
2018-03-24T16:24:00+02:00,37
2018-03-24T16:32:00+02:00,48
2018-03-24T16:40:00+02:00,60
2018-03-24T16:48:00+02:00,53
2018-03-24T16:56:00+02:00,58
2018-03-24T17:04:00+02:00,49
2018-03-24T17:12:00+02:00,43
2018-03-24T17:20:00+02:00,47
2018-03-24T17:28:00+02:00,46
2018-03-24T17:36:00+02:00,38
2018-03-24T17:44:00+02:00,55
2018-03-24T17:52:00+02:00,53
2018-03-24T18:00:00+02:00,51
2018-03-24T18:08:00+02:00,45
2018-03-24T18:16:00+02:00,39
2018-03-24T18:24:00+02:00,58
2018-03-24T18:32:00+02:00,40
2018-03-24T18:40:00+02:00,40
2018-03-24T18:48:00+02:00,41
2018-03-24T18:56:00+02:00,45
2018-03-24T19:04:00+02:00,44
2018-03-24T19:12:00+02:00,48
2018-03-24T19:20:00+02:00,45
2018-03-24T19:28:00+02:00,60
2018-03-24T19:36:00+02:00,53
2018-03-24T19:44:00+02:00,41
2018-03-24T19:52:00+02:00,50
2018-03-24T20:00:00+02:00,50
2018-03-24T20:08:00+02:00,51
2018-03-24T20:16:00+02:00,58
2018-03-24T20:24:00+02:00,37
2018-03-24T20:32:00+02:00,45
2018-03-24T20:40:00+02:00,53
2018-03-24T20:48:00+02:00,55
2018-03-24T20:56:00+02:00,87
2018-03-24T21:04:00+02:00,62
2018-03-24T21:12:00+02:00,66
2018-03-24T21:20:00+02:00,56
2018-03-24T21:28:00+02:00,44
2018-03-24T21:36:00+02:00,35
2018-03-24T21:44:00+02:00,52
2018-03-24T21:52:00+02:00,49
2018-03-24T22:00:00+02:00,53
2018-03-24T22:08:00+02:00,57
2018-03-24T22:16:00+02:00,62
2018-03-24T22:24:00+02:00,46
2018-03-24T22:32:00+02:00,32
2018-03-24T22:40:00+02:00,48
2018-03-24T22:48:00+02:00,42
2018-03-24T22:56:00+02:00,27
2018-03-24T23:04:00+02:00,52
2018-03-24T23:12:00+02:00,42
2018-03-24T23:20:00+02:00,39
2018-03-24T23:28:00+02:00,31
2018-03-24T23:36:00+02:00,38
2018-03-24T23:44:00+02:00,16
2018-03-24T23:52:00+02:00,36
2018-03-25T00:00:00+02:00,18
2018-03-25T00:08:00+02:00,0
2018-03-25T00:16:00+02:00,29
2018-03-25T00:24:00+02:00,9
2018-03-25T00:32:00+02:00,18
2018-03-25T00:40:00+02:00,7
2018-03-25T00:48:00+02:00,15
2018-03-25T00:56:00+02:00,13
2018-03-25T01:04:00+02:00,17
2018-03-25T01:12:00+02:00,9
2018-03-25T01:20:00+02:00,16
2018-03-25T01:28:00+02:00,14
2018-03-25T01:36:00+02:00,15
2018-03-25T01:44:00+02:00,0
2018-03-25T01:52:00+02:00,13
2018-03-25T02:00:00+02:00,4
2018-03-25T02:08:00+02:00,9
2018-03-25T02:16:00+02:00,11
2018-03-25T02:24:00+02:00,7
2018-03-25T02:32:00+02:00,10
2018-03-25T02:40:00+02:00,7
2018-03-25T02:48:00+02:00,0
2018-03-25T02:56:00+02:00,9
2018-03-25T03:04:00+02:00,8
2018-03-25T03:12:00+02:00,8
2018-03-25T03:20:00+02:00,0
2018-03-25T03:28:00+02:00,0
2018-03-25T03:36:00+02:00,8
2018-03-25T03:44:00+02:00,0
2018-03-25T03:52:00+02:00,10
2018-03-25T04:00:00+02:00,10
2018-03-25T04:08:00+02:00,9
2018-03-25T04:16:00+02:00,17
2018-03-25T04:24:00+02:00,7
2018-03-25T04:32:00+02:00,6
2018-03-25T04:40:00+02:00,9
2018-03-25T04:48:00+02:00,6
2018-03-25T04:56:00+02:00,0
2018-03-25T05:04:00+02:00,13
2018-03-25T05:12:00+02:00,17
2018-03-25T05:20:00+02:00,14
2018-03-25T05:28:00+02:00,14
2018-03-25T05:36:00+02:00,19
2018-03-25T05:44:00+02:00,26
2018-03-25T05:52:00+02:00,14
2018-03-25T06:00:00+02:00,25
2018-03-25T06:08:00+02:00,41
2018-03-25T06:16:00+02:00,37
2018-03-25T06:24:00+02:00,39
2018-03-25T06:32:00+02:00,26
2018-03-25T06:40:00+02:00,41
2018-03-25T06:48:00+02:00,62
2018-03-25T06:56:00+02:00,62
2018-03-25T07:04:00+02:00,29
2018-03-25T07:12:00+02:00,58
2018-03-25T07:20:00+02:00,76
2018-03-25T07:28:00+02:00,84
2018-03-25T07:36:00+02:00,68
2018-03-25T07:44:00+02:00,82
2018-03-25T07:52:00+02:00,91
2018-03-25T08:00:00+02:00,89
