Kategori: Nyheter

Tid,Geo: Norge
2023-01-27T22:00:00+02:00,86
2023-01-27T22:08:00+02:00,68
2023-01-27T22:16:00+02:00,79
2023-01-27T22:24:00+02:00,86
2023-01-27T22:32:00+02:00,64
2023-01-27T22:40:00+02:00,100
2023-01-27T22:48:00+02:00,71
2023-01-27T22:56:00+02:00,77
2023-01-27T23:04:00+02:00,63
2023-01-27T23:12:00+02:00,74
2023-01-27T23:20:00+02:00,41
2023-01-27T23:28:00+02:00,50
2023-01-27T23:36:00+02:00,82
2023-01-27T23:44:00+02:00,79
2023-01-27T23:52:00+02:00,74
2023-01-28T00:00:00+02:00,76
2023-01-28T00:08:00+02:00,77
2023-01-28T00:16:00+02:00,71
2023-01-28T00:24:00+02:00,79
2023-01-28T00:32:00+02:00,51
2023-01-28T00:40:00+02:00,55
2023-01-28T00:48:00+02:00,51
2023-01-28T00:56:00+02:00,55
2023-01-28T01:04:00+02:00,39
2023-01-28T01:12:00+02:00,42
2023-01-28T01:20:00+02:00,40
2023-01-28T01:28:00+02:00,38
2023-01-28T01:36:00+02:00,42
2023-01-28T01:44:00+02:00,44
2023-01-28T01:52:00+02:00,30
2023-01-28T02:00:00+02:00,37
2023-01-28T02:08:00+02:00,28
2023-01-28T02:16:00+02:00,28
2023-01-28T02:24:00+02:00,0
2023-01-28T02:32:00+02:00,32
2023-01-28T02:40:00+02:00,16
2023-01-28T02:48:00+02:00,14
2023-01-28T02:56:00+02:00,17
2023-01-28T03:04:00+02:00,10
2023-01-28T03:12:00+02:00,18
2023-01-28T03:20:00+02:00,15
2023-01-28T03:28:00+02:00,24
2023-01-28T03:36:00+02:00,11
2023-01-28T03:44:00+02:00,14
2023-01-28T03:52:00+02:00,25
2023-01-28T04:00:00+02:00,11
2023-01-28T04:08:00+02:00,0
2023-01-28T04:16:00+02:00,0
2023-01-28T04:24:00+02:00,0
2023-01-28T04:32:00+02:00,0
2023-01-28T04:40:00+02:00,0
2023-01-28T04:48:00+02:00,11
2023-01-28T04:56:00+02:00,42
2023-01-28T05:04:00+02:00,0
2023-01-28T05:12:00+02:00,0
2023-01-28T05:20:00+02:00,0
2023-01-28T05:28:00+02:00,11
2023-01-28T05:36:00+02:00,11
2023-01-28T05:44:00+02:00,13
2023-01-28T05:52:00+02:00,6
2023-01-28T06:00:00+02:00,11
2023-01-28T06:08:00+02:00,8
2023-01-28T06:16:00+02:00,18
2023-01-28T06:24:00+02:00,20
2023-01-28T06:32:00+02:00,19
2023-01-28T06:40:00+02:00,16
2023-01-28T06:48:00+02:00,12
2023-01-28T06:56:00+02:00,8
2023-01-28T07:04:00+02:00,18
2023-01-28T07:12:00+02:00,12
2023-01-28T07:20:00+02:00,8
2023-01-28T07:28:00+02:00,19
2023-01-28T07:36:00+02:00,28
2023-01-28T07:44:00+02:00,17
2023-01-28T07:52:00+02:00,46
2023-01-28T08:00:00+02:00,45
2023-01-28T08:08:00+02:00,10
2023-01-28T08:16:00+02:00,0
2023-01-28T08:24:00+02:00,32
2023-01-28T08:32:00+02:00,31
2023-01-28T08:40:00+02:00,47
2023-01-28T08:48:00+02:00,65
2023-01-28T08:56:00+02:00,32
2023-01-28T09:04:00+02:00,45
2023-01-28T09:12:00+02:00,46
2023-01-28T09:20:00+02:00,42
2023-01-28T09:28:00+02:00,50
2023-01-28T09:36:00+02:00,60
2023-01-28T09:44:00+02:00,54
2023-01-28T09:52:00+02:00,86
2023-01-28T10:00:00+02:00,60
2023-01-28T10:08:00+02:00,66
2023-01-28T10:16:00+02:00,81
2023-01-28T10:24:00+02:00,55
2023-01-28T10:32:00+02:00,71
2023-01-28T10:40:00+02:00,83
2023-01-28T10:48:00+02:00,82
2023-01-28T10:56:00+02:00,80
2023-01-28T11:04:00+02:00,51
2023-01-28T11:12:00+02:00,57
2023-01-28T11:20:00+02:00,67
2023-01-28T11:28:00+02:00,67
2023-01-28T11:36:00+02:00,44
2023-01-28T11:44:00+02:00,62
2023-01-28T11:52:00+02:00,62
2023-01-28T12:00:00+02:00,67
2023-01-28T12:08:00+02:00,52
2023-01-28T12:16:00+02:00,57
2023-01-28T12:24:00+02:00,63
2023-01-28T12:32:00+02:00,56
2023-01-28T12:40:00+02:00,61
2023-01-28T12:48:00+02:00,46
2023-01-28T12:56:00+02:00,50
2023-01-28T13:04:00+02:00,38
2023-01-28T13:12:00+02:00,44
2023-01-28T13:20:00+02:00,55
2023-01-28T13:28:00+02:00,55
2023-01-28T13:36:00+02:00,52
2023-01-28T13:44:00+02:00,30
2023-01-28T13:52:00+02:00,52
2023-01-28T14:00:00+02:00,37
2023-01-28T14:08:00+02:00,52
2023-01-28T14:16:00+02:00,56
2023-01-28T14:24:00+02:00,37
2023-01-28T14:32:00+02:00,34
2023-01-28T14:40:00+02:00,52
2023-01-28T14:48:00+02:00,49
2023-01-28T14:56:00+02:00,55
2023-01-28T15:04:00+02:00,55
2023-01-28T15:12:00+02:00,37
2023-01-28T15:20:00+02:00,58
2023-01-28T15:28:00+02:00,56
2023-01-28T15:36:00+02:00,40
2023-01-28T15:44:00+02:00,43
2023-01-28T15:52:00+02:00,51
2023-01-28T16:00:00+02:00,45
2023-01-28T16:08:00+02:00,43
2023-01-28T16:16:00+02:00,44
2023-01-28T16:24:00+02:00,51
2023-01-28T16:32:00+02:00,50
2023-01-28T16:40:00+02:00,44
2023-01-28T16:48:00+02:00,60
2023-01-28T16:56:00+02:00,47
2023-01-28T17:04:00+02:00,56
2023-01-28T17:12:00+02:00,44
2023-01-28T17:20:00+02:00,48
2023-01-28T17:28:00+02:00,40
2023-01-28T17:36:00+02:00,52
2023-01-28T17:44:00+02:00,40
2023-01-28T17:52:00+02:00,41
2023-01-28T18:00:00+02:00,50
2023-01-28T18:08:00+02:00,49
2023-01-28T18:16:00+02:00,47
2023-01-28T18:24:00+02:00,54
2023-01-28T18:32:00+02:00,45
2023-01-28T18:40:00+02:00,48
2023-01-28T18:48:00+02:00,47
2023-01-28T18:56:00+02:00,50
2023-01-28T19:04:00+02:00,48
2023-01-28T19:12:00+02:00,42
2023-01-28T19:20:00+02:00,45
2023-01-28T19:28:00+02:00,41
2023-01-28T19:36:00+02:00,48
2023-01-28T19:44:00+02:00,52
2023-01-28T19:52:00+02:00,46
2023-01-28T20:00:00+02:00,47
2023-01-28T20:08:00+02:00,52
2023-01-28T20:16:00+02:00,43
2023-01-28T20:24:00+02:00,23
2023-01-28T20:32:00+02:00,29
2023-01-28T20:40:00+02:00,60
2023-01-28T20:48:00+02:00,67
2023-01-28T20:56:00+02:00,56
2023-01-28T21:04:00+02:00,53
2023-01-28T21:12:00+02:00,54
2023-01-28T21:20:00+02:00,69
2023-01-28T21:28:00+02:00,73
2023-01-28T21:36:00+02:00,68
2023-01-28T21:44:00+02:00,60
2023-01-28T21:52:00+02:00,57
2023-01-28T22:00:00+02:00,68
2023-01-28T22:08:00+02:00,52
2023-01-28T22:16:00+02:00,77
2023-01-28T22:24:00+02:00,57
2023-01-28T22:32:00+02:00,75
2023-01-28T22:40:00+02:00,77
2023-01-28T22:48:00+02:00,61
2023-01-28T22:56:00+02:00,81
2023-01-28T23:04:00+02:00,57
2023-01-28T23:12:00+02:00,74
2023-01-28T23:20:00+02:00,72
2023-01-28T23:28:00+02:00,57
2023-01-28T23:36:00+02:00,61
2023-01-28T23:44:00+02:00,84
2023-01-28T23:52:00+02:00,62
2023-01-29T00:00:00+02:00,66
2023-01-29T00:08:00+02:00,58
2023-01-29T00:16:00+02:00,83
2023-01-29T00:24:00+02:00,70
2023-01-29T00:32:00+02:00,65
2023-01-29T00:40:00+02:00,77
2023-01-29T00:48:00+02:00,30
2023-01-29T00:56:00+02:00,76
2023-01-29T01:04:00+02:00,53
2023-01-29T01:12:00+02:00,49
2023-01-29T01:20:00+02:00,27
2023-01-29T01:28:00+02:00,13
2023-01-29T01:36:00+02:00,44
2023-01-29T01:44:00+02:00,43
2023-01-29T01:52:00+02:00,17
2023-01-29T02:00:00+02:00,23
2023-01-29T02:08:00+02:00,34
2023-01-29T02:16:00+02:00,23
2023-01-29T02:24:00+02:00,19
2023-01-29T02:32:00+02:00,20
2023-01-29T02:40:00+02:00,24
2023-01-29T02:48:00+02:00,28
2023-01-29T02:56:00+02:00,0
2023-01-29T03:04:00+02:00,0
2023-01-29T03:12:00+02:00,15
2023-01-29T03:20:00+02:00,6
2023-01-29T03:28:00+02:00,28
2023-01-29T03:36:00+02:00,19
2023-01-29T03:44:00+02:00,0
2023-01-29T03:52:00+02:00,8
2023-01-29T04:00:00+02:00,9
2023-01-29T04:08:00+02:00,0
2023-01-29T04:16:00+02:00,12
2023-01-29T04:24:00+02:00,0
2023-01-29T04:32:00+02:00,18
2023-01-29T04:40:00+02:00,0
2023-01-29T04:48:00+02:00,0
2023-01-29T04:56:00+02:00,19
2023-01-29T05:04:00+02:00,6
2023-01-29T05:12:00+02:00,0
2023-01-29T05:20:00+02:00,0
2023-01-29T05:28:00+02:00,0
2023-01-29T05:36:00+02:00,16
2023-01-29T05:44:00+02:00,8
2023-01-29T05:52:00+02:00,16
2023-01-29T06:00:00+02:00,0
2023-01-29T06:08:00+02:00,11
2023-01-29T06:16:00+02:00,12
2023-01-29T06:24:00+02:00,0
2023-01-29T06:32:00+02:00,0
2023-01-29T06:40:00+02:00,12
2023-01-29T06:48:00+02:00,0
2023-01-29T06:56:00+02:00,0
2023-01-29T07:04:00+02:00,7
2023-01-29T07:12:00+02:00,0
2023-01-29T07:20:00+02:00,17
2023-01-29T07:28:00+02:00,8
2023-01-29T07:36:00+02:00,32
2023-01-29T07:44:00+02:00,35
2023-01-29T07:52:00+02:00,17
2023-01-29T08:00:00+02:00,19
